{
  "leadIn": 0.8695652173913043,
  "loopLength": 83.47826086956522
}
