{
  "leadIn": 1.1111111111111112,
  "loopLength": 124.44444444444444
}
