{
  "leadIn": 1.1111111111111112,
  "loopLength": 106.66666666666667
}
